Workbook

Sheet Presupuesto
A1: Presupuesto de pruebas: balanza con impresora de tickets
A2: La balanza la aportan, no se presupuesta. Laboratorio = lo mínimo para probar en la mesa; Completo = además deja todo listo para instalar en la balanza. Precios en pesos relevados el 7 y 8 de octubre de 2026. Envíos y mano de obra no incluidos.
A4: Ítem | B4: Para qué | C4: Cant. laboratorio | D4: Cant. completo | E4: Precio unitario | F4: Subtotal laboratorio | G4: Subtotal completo | H4: Nota
A5: 1. Impresora y control
A6: Impresora térmica Xprinter XP-58IIH USB | B6: Imprimir los tickets; trae fuente, cable USB y 5 rollos | C6: 1 | D6: 1 | E6: 54399 | F6: =C6*E6 -> 54399 | G6: =D6*E6 -> 54399 | H6: Precio de referencia. Después queda para la caja.
A7: Placa ESP32-S3 DevKitC-1 compatible | B7: Cerebro: pesa, guarda los productos y maneja la impresora por USB | C7: 1 | D7: 1 | E7: 18879 | F7: =C7*E7 -> 18879 | G7: =D7*E7 -> 18879 | H7: Antena propia, dos puertos USB. Viene con los pines sin soldar.
A8: Adaptador OTG USB-C a USB-A hembra | B8: Conectar la impresora a la placa en la mesa | C8: 1 | D8: 1 | E8: 2638 | F8: =C8*E8 -> 2638 | G8: =D8*E8 -> 2638
A9: 2. Medición de peso
A10: Kit celda de carga 5 kg + módulo HX711 | B10: Probar el pesaje en la mesa sin abrir la balanza | C10: 1 | D10: 1 | E10: 10693 | F10: =C10*E10 -> 10693 | G10: =D10*E10 -> 10693 | H10: Confirmar con la tienda que incluya el HX711.
A11: Módulo HX711 adicional | B11: Conectar la celda de carga de la balanza | C11: 0 | D11: 1 | E11: 3290 | F11: =C11*E11 -> 0 | G11: =D11*E11 -> 3290 | H11: El del kit queda armado en la mesa.
A12: 3. Alimentación
A13: Fuente 9 V 2 A | B13: Alimentar la electrónica | C13: 1 | D13: 1 | E13: 11950 | F13: =C13*E13 -> 11950 | G13: =D13*E13 -> 11950
A14: Regulador step-down LM2596 | B14: Bajar a 5 V para la placa y el puerto USB | C14: 1 | D14: 1 | E14: 4682 | F14: =C14*E14 -> 4682 | G14: =D14*E14 -> 4682 | H14: Ajustarlo a 5 V con el tester antes de conectar nada.
A15: Jack DC hembra con bornera | B15: Entrada de la fuente | C15: 1 | D15: 1 | E15: 600 | F15: =C15*E15 -> 600 | G15: =D15*E15 -> 600
A16: 4. Conexiones y armado
A17: Protoboard 830 puntos | B17: Armar el circuito sin soldar | C17: 1 | D17: 1 | E17: 3489 | F17: =C17*E17 -> 3489 | G17: =D17*E17 -> 3489
A18: Kit 120 cables dupont | B18: Conexiones en el protoboard | C18: 1 | D18: 1 | E18: 9809 | F18: =C18*E18 -> 9809 | G18: =D18*E18 -> 9809
A19: Conector USB-A hembra de panel | B19: Dejar la impresora enchufable en la balanza | C19: 0 | D19: 1 | E19: 5000 | F19: =C19*E19 -> 0 | G19: =D19*E19 -> 5000
A20: Varios de armado | B20: Capacitores, estaño, termocontraíble, tornillos | C20: 1 | D20: 1 | E20: 3000 | F20: =C20*E20 -> 3000 | G20: =D20*E20 -> 3000 | H20: Monto estimado, no relevado en una tienda.
A21: 5. Repuestos y papel
A22: Placa ESP32-S3 de repuesto | B22: Seguir probando si se daña la principal | C22: 0 | D22: 1 | E22: 18879 | F22: =C22*E22 -> 0 | G22: =D22*E22 -> 18879
A23: Rollos térmicos 57 mm x 30 m, pack x10 | B23: Papel extra para las pruebas | C23: 0 | D23: 1 | E23: 6300 | F23: =C23*E23 -> 0 | G23: =D23*E23 -> 6300 | H23: La impresora ya trae 5 rollos.
A24: 6. Herramientas (solo si no las tenés)
A25: Multímetro digital DT830B | B25: Ajustar el regulador y revisar conexiones | C25: 1 | D25: 1 | E25: 4071 | F25: =C25*E25 -> 4071 | G25: =D25*E25 -> 4071 | H25: Si ya tenés uno, poné 0.
A26: Soldador tipo lápiz 40 W | B26: Soldar los pines de la placa y del HX711 | C26: 1 | D26: 1 | E26: 17100 | F26: =C26*E26 -> 17100 | G26: =D26*E26 -> 17100 | H26: Si ya tenés uno, poné 0.
A28: Resumen
A29: Subtotal | F29: =SUM(F5:F26) -> 141310 | G29: =SUM(G5:G26) -> 174779
A30: Margen para imprevistos, envíos y aumentos | E30: 0.15 | F30: =F29*$E$30 -> 21196.5 | G30: =G29*$E$30 -> 26216.85
A31: TOTAL A PEDIR | F31: =F29+F30 -> 162506.5 | G31: =G29+G30 -> 200995.85
A32: Total si ya tenés tester y soldador | F32: =(F29-F25-F26)*(1+$E$30) -> 138159.85 | G32: =(G29-G25-G26)*(1+$E$30) -> 176649.2
A34: Amarillo: cantidades y margen editables. Azul: precios relevados en tiendas (ver hoja Fuentes). Negro: cálculos.

Sheet Fuentes
A1: Ítem | B1: Tienda | C1: Link | D1: Precio relevado
A2: Impresora térmica Xprinter XP-58IIH USB | B2: Mercado Libre (vía MejoresCompras) | C2: https://mejorescompras.com.ar/precio/MLA36701582--impresora-termica-xprinter-xp58iih-bluetooth-58mm-comandera-pos-tickets-alta-velocidad-negro | D2: =Presupuesto!E6 -> 54399
A3: Placa ESP32-S3 DevKitC-1 compatible | B3: Starware | C3: https://tienda.starware.com.ar/producto/placa-desarrollo-diy-espressif-compatible-esp32-s3-devkitc-1-n16r8-esp32-s3-wroom-1-8mb/ | D3: =Presupuesto!E7 -> 18879
A4: Adaptador OTG USB-C a USB-A hembra | B4: TodoMicro | C4: https://www.todomicro.com.ar/567-adaptador-usb-c-a-usb30.html | D4: =Presupuesto!E8 -> 2638
A5: Kit celda de carga 5 kg + módulo HX711 | B5: B&P Electrónica | C5: https://www.electronicabyp.com.ar/producto/celda-de-carga-5kg-c-amplif-hx711/ | D5: =Presupuesto!E10 -> 10693
A6: Módulo HX711 adicional | B6: TodoMicro | C6: https://www.todomicro.com.ar/investigacion-desarrollo-y-prototipado/759-modulo-amplificador-hx711-para-celda-de-carga.html | D6: =Presupuesto!E11 -> 3290
A7: Fuente 9 V 2 A | B7: Nerdstore | C7: https://nerdstore.com.ar/producto/fuente-performance-9v-2a-plug-5-52-110mm/ | D7: =Presupuesto!E13 -> 11950
A8: Regulador step-down LM2596 | B8: TodoMicro | C8: https://www.todomicro.com.ar/step-down/589-modulo-lm2596-step-down-corriente-ajustable.html | D8: =Presupuesto!E14 -> 4682
A9: Jack DC hembra con bornera | B9: LED Universe | C9: https://www.leduniverse.com.ar/productos/ficha-plug-jack-hembra-5-5-x-2-1mm-bornera/ | D9: =Presupuesto!E15 -> 600
A10: Protoboard 830 puntos | B10: TodoMicro | C10: https://www.todomicro.com.ar/229-protoboard-de-830-puntos.html | D10: =Presupuesto!E17 -> 3489
A11: Kit 120 cables dupont | B11: TodoMicro | C11: https://www.todomicro.com.ar/628-kit-120-cables-20cm-protoboard-compatible-con-arduino.html | D11: =Presupuesto!E18 -> 9809
A12: Conector USB-A hembra de panel | B12: West Solution | C12: https://westsolution.com.ar/productos/conector-usb-tipo-a-hembra-a-chasis-pc-board-montaje-frontal/ | D12: =Presupuesto!E19 -> 5000
A13: Varios de armado | B13: Estimado | C13: Sin fuente: monto estimado | D13: =Presupuesto!E20 -> 3000
A14: Placa ESP32-S3 de repuesto | B14: Starware | C14: https://tienda.starware.com.ar/producto/placa-desarrollo-diy-espressif-compatible-esp32-s3-devkitc-1-n16r8-esp32-s3-wroom-1-8mb/ | D14: =Presupuesto!E22 -> 18879
A15: Rollos térmicos 57 mm x 30 m, pack x10 | B15: Inkgenio | C15: https://inkgenio.com.ar/Rollos-Rollos-Termicos/3910-rollo-termico-57x30-pack-x10-7798070391182.html | D15: =Presupuesto!E23 -> 6300
A16: Multímetro digital DT830B | B16: TodoMicro | C16: https://www.todomicro.com.ar/multimetros/500-multimetro-digital-dt830b.html | D16: =Presupuesto!E25 -> 4071
A17: Soldador tipo lápiz 40 W | B17: Electrónica CEA | C17: https://electronicacea.com.ar/producto/soldador-40w-tipo-lapiz-punta-ceramica/ | D17: =Presupuesto!E26 -> 17100
